Hospital_Removed,Slope_per_$10k,Pearson_r,p_value
BRONXCARE HOSPITAL CENTER,-1.267392811606472,-0.1259168054438821,0.5073202359581015
JAMAICA HOSPITAL MEDICAL CENTER,-0.9447675977247356,-0.09496992436319972,0.6176387697100106
"NEW YORK COMMUNITY HOSPITAL OF BROOKLYN, INC.",-0.9837872436779558,-0.09943398395501604,0.6011279615191373
MOUNT SINAI HOSPITAL,-0.7079225633131372,-0.07050786845144943,0.7112043254688415
RICHMOND UNIVERSITY MEDICAL CENTER,-0.8358302298349215,-0.08387539912501647,0.6594580030625261
MOUNT SINAI WEST,-1.503977974580067,-0.1521967448299423,0.4220395683159392
NEW YORK-PRESBYTERIAN/QUEENS,-0.6235096490060761,-0.0647840307541872,0.7337685985670406
BROOKLYN HOSPITAL CENTER - DOWNTOWN CAMPUS,-0.7256909569853435,-0.06670481279363924,0.7261712373316841
MONTEFIORE MEDICAL CENTER,-1.1093513778620199,-0.11111360710695982,0.5588509717236848
LINCOLN MEDICAL & MENTAL HEALTH CENTER,-0.681989562638194,-0.06805867561790833,0.7208314489954469
NEW YORK-PRESBYTERIAN HOSPITAL,-1.1661639598035252,-0.11065560578175501,0.560482749266139
LENOX HILL HOSPITAL,-0.44404029024533076,-0.04262697277814427,0.8230233104899539
JACOBI MEDICAL CENTER,-0.9245906969305555,-0.09279753077606927,0.6257408251754136
ELMHURST HOSPITAL CENTER,-0.7916210533470474,-0.08422453690716106,0.6581256689353381
STATEN ISLAND UNIVERSITY HOSPITAL,-0.9120735526526953,-0.09305875333875903,0.624764294576075
MOUNT SINAI BETH ISRAEL,-1.3736165881916955,-0.13104561617076044,0.4900349901447727
FLUSHING HOSPITAL MEDICAL CENTER,-0.9360640996481481,-0.09350143221467062,0.6231108460466984
MAIMONIDES MEDICAL CENTER,-0.9615476717182333,-0.09620980738465609,0.6130341161612489
SOUTH BROOKLYN HEALTH,-1.2049848313427356,-0.12555189313174922,0.5085614940221223
METROPOLITAN HOSPITAL CENTER,-1.3841014002631116,-0.1399256873459626,0.4608312807677895
KINGS COUNTY HOSPITAL CENTER,-0.8008628471682406,-0.08252249909043624,0.6646303849043765
BELLEVUE HOSPITAL CENTER,-0.5563807706825988,-0.054610450017438465,0.7744049881897583
NYU LANGONE HOSPITALS,-0.786266068470245,-0.07644271697058629,0.6880583667920287
WYCKOFF HEIGHTS MEDICAL CENTER,-0.9288421205855426,-0.09338437007055156,0.6235479102938816
QUEENS HOSPITAL CENTER,-0.8903407702043039,-0.09026619405563946,0.635235701117788
BROOKDALE HOSPITAL MEDICAL CENTER,-0.9010266164974882,-0.08921042610115495,0.6392127470991115
HARLEM HOSPITAL CENTER,-1.4293598610561582,-0.15079907003167514,0.4263642775657691
SUNY/DOWNSTATE UNIVERSITY HOSPITAL OF BROOKLYN,-1.0775557108571001,-0.11160283658055742,0.5571103470936449
ST JOHN'S EPISCOPAL HOSPITAL AT SOUTH SHORE,-0.8397084384026533,-0.08425943675069945,0.6579925450195696
WOODHULL MEDICAL & MENTAL HEALTH CENTER,-0.9837041448818654,-0.09867196069682486,0.6039330253798566
ST BARNABAS HOSPITAL,-0.12673217101660003,-0.014250999599689777,0.9404193132923373
