Facility ID,Facility Name,Address,City/Town,ZIP Code,County/Parish,Borough,ED_LOS_minutes,Median_Household_Income,Income_MOE,Hospital Type,Hospital Ownership,Hospital overall rating,Emergency Services,ED_Volume_Category,LWBS_percent,Start Date,End Date
330009,BRONXCARE HOSPITAL CENTER,1276 FULTON AVENUE,BRONX,10456,BRONX,Bronx,190.0,34954.0,3278.0,Acute Care Hospitals,Voluntary non-profit - Private,1,Yes,very high,3.0,10/01/2024,09/30/2025
330014,JAMAICA HOSPITAL MEDICAL CENTER,89TH AVENUE AND VAN WYCK EXPRESSWAY,JAMAICA,11418,QUEENS,Queens,228.0,90156.0,7747.0,Acute Care Hospitals,Voluntary non-profit - Private,1,Yes,very high,3.0,10/01/2024,09/30/2025
330019,"NEW YORK COMMUNITY HOSPITAL OF BROOKLYN, INC.",2525 KINGS HIGHWAY,BROOKLYN,11229,KINGS,Brooklyn,196.0,70603.0,4890.0,Acute Care Hospitals,Voluntary non-profit - Private,1,Yes,,,10/01/2024,09/30/2025
330024,MOUNT SINAI HOSPITAL,ONE GUSTAVE L LEVY PLACE,NEW YORK,10029,NEW YORK,Manhattan,250.0,38695.0,5694.0,Acute Care Hospitals,Voluntary non-profit - Private,4,Yes,very high,2.0,10/01/2024,09/30/2025
330028,RICHMOND UNIVERSITY MEDICAL CENTER,355 BARD AVENUE,STATEN ISLAND,10310,RICHMOND,Staten Island,200.0,106250.0,12538.0,Acute Care Hospitals,Voluntary non-profit - Private,1,Yes,high,0.0,10/01/2024,09/30/2025
330046,MOUNT SINAI WEST,1000 TENTH AVENUE,NEW YORK,10019,NEW YORK,Manhattan,274.0,128559.0,20899.0,Acute Care Hospitals,Voluntary non-profit - Church,4,Yes,very high,2.0,10/01/2024,09/30/2025
330055,NEW YORK-PRESBYTERIAN/QUEENS,56-45 MAIN STREET,FLUSHING,11355,QUEENS,Queens,282.0,55326.0,3066.0,Acute Care Hospitals,Voluntary non-profit - Private,5,Yes,very high,6.0,10/01/2024,09/30/2025
330056,BROOKLYN HOSPITAL CENTER - DOWNTOWN CAMPUS,121 DEKALB AVENUE,BROOKLYN,11201,KINGS,Brooklyn,203.0,173136.0,8354.0,Acute Care Hospitals,Voluntary non-profit - Other,2,Yes,high,3.0,10/01/2024,09/30/2025
330059,MONTEFIORE MEDICAL CENTER,111 EAST 210TH STREET,BRONX,10467,BRONX,Bronx,196.0,49330.0,2681.0,Acute Care Hospitals,Voluntary non-profit - Private,3,Yes,very high,1.0,10/01/2024,09/30/2025
330080,LINCOLN MEDICAL & MENTAL HEALTH CENTER,234 EAST 149TH STREET,BRONX,10451,BRONX,Bronx,253.0,38770.0,5085.0,Acute Care Hospitals,Government - Local,2,Yes,medium,9.0,10/01/2024,09/30/2025
330101,NEW YORK-PRESBYTERIAN HOSPITAL,525 EAST 68TH STREET,NEW YORK,10065,NEW YORK,Manhattan,228.0,155331.0,19458.0,Acute Care Hospitals,Voluntary non-profit - Private,5,Yes,very high,1.0,10/01/2024,09/30/2025
330119,LENOX HILL HOSPITAL,100 EAST 77TH STREET,NEW YORK,10075,NEW YORK,Manhattan,185.0,155902.0,23510.0,Acute Care Hospitals,Voluntary non-profit - Private,5,Yes,very high,2.0,10/01/2024,09/30/2025
330127,JACOBI MEDICAL CENTER,1400 PELHAM PARKWAY SOUTH,BRONX,10461,BRONX,Bronx,224.0,67028.0,6955.0,Acute Care Hospitals,Government - Local,2,Yes,very high,2.0,10/01/2024,09/30/2025
330128,ELMHURST HOSPITAL CENTER,79-01 BROADWAY,ELMHURST,11373,QUEENS,Queens,294.0,71480.0,3993.0,Acute Care Hospitals,Government - Local,2,Yes,very high,2.0,10/01/2024,09/30/2025
330160,STATEN ISLAND UNIVERSITY HOSPITAL,475 SEAVIEW AVENUE,STATEN ISLAND,10305,RICHMOND,Staten Island,183.0,83413.0,5796.0,Acute Care Hospitals,Voluntary non-profit - Private,3,Yes,very high,1.0,10/01/2024,09/30/2025
330169,MOUNT SINAI BETH ISRAEL,281 1ST AVE,NEW YORK,10003,NEW YORK,Manhattan,241.0,154262.0,10754.0,Acute Care Hospitals,Voluntary non-profit - Private,3,Yes,very high,1.0,10/01/2024,09/30/2025
330193,FLUSHING HOSPITAL MEDICAL CENTER,45TH AVENUE AND PARSONS BOULEVARD,FLUSHING,11355,QUEENS,Queens,222.0,55326.0,3066.0,Acute Care Hospitals,Voluntary non-profit - Private,2,Yes,medium,2.0,10/01/2024,09/30/2025
330194,MAIMONIDES MEDICAL CENTER,4802 TENTH AVENUE,BROOKLYN,11219,KINGS,Brooklyn,216.0,58347.0,4474.0,Acute Care Hospitals,Voluntary non-profit - Private,2,Yes,very high,1.0,10/01/2024,09/30/2025
330196,SOUTH BROOKLYN HEALTH,2601 OCEAN PARKWAY,BROOKLYN,11235,KINGS,Brooklyn,159.0,59661.0,4262.0,Acute Care Hospitals,Voluntary non-profit - Other,2,Yes,very high,1.0,10/01/2024,09/30/2025
330199,METROPOLITAN HOSPITAL CENTER,1901 FIRST AVENUE,NEW YORK,10029,NEW YORK,Manhattan,173.0,38695.0,5694.0,Acute Care Hospitals,Government - Local,3,Yes,,,10/01/2024,09/30/2025
330202,KINGS COUNTY HOSPITAL CENTER,451 CLARKSON AVENUE,BROOKLYN,11203,KINGS,Brooklyn,271.0,67897.0,5889.0,Acute Care Hospitals,Government - Local,1,Yes,,,10/01/2024,09/30/2025
330204,BELLEVUE HOSPITAL CENTER,462 FIRST AVENUE,NEW YORK,10016,NEW YORK,Manhattan,186.0,140381.0,10348.0,Acute Care Hospitals,Government - Local,2,Yes,very high,1.0,10/01/2024,09/30/2025
330214,NYU LANGONE HOSPITALS,550 FIRST AVENUE,NEW YORK,10016,NEW YORK,Manhattan,204.0,140381.0,10348.0,Acute Care Hospitals,Voluntary non-profit - Private,5,Yes,very high,1.0,10/01/2024,09/30/2025
330221,WYCKOFF HEIGHTS MEDICAL CENTER,374 STOCKHOLM STREET,BROOKLYN,11237,KINGS,Brooklyn,219.0,85196.0,5831.0,Acute Care Hospitals,Voluntary non-profit - Private,2,Yes,very high,2.0,10/01/2024,09/30/2025
330231,QUEENS HOSPITAL CENTER,82-68 164TH STREET,JAMAICA,11432,QUEENS,Queens,250.0,74096.0,6865.0,Acute Care Hospitals,Voluntary non-profit - Other,2,Yes,very high,1.0,10/01/2024,09/30/2025
330233,BROOKDALE HOSPITAL MEDICAL CENTER,1 BROOKDALE PLAZA,BROOKLYN,11212,KINGS,Brooklyn,228.0,41355.0,3952.0,Acute Care Hospitals,Voluntary non-profit - Private,1,Yes,very high,3.0,10/01/2024,09/30/2025
330240,HARLEM HOSPITAL CENTER,506 LENOX AVENUE,NEW YORK,10037,NEW YORK,Manhattan,147.0,49153.0,7783.0,Acute Care Hospitals,Government - State,2,Yes,very high,3.0,10/01/2024,09/30/2025
330350,SUNY/DOWNSTATE UNIVERSITY HOSPITAL OF BROOKLYN,445 LENOX ROAD,BROOKLYN,11203,KINGS,Brooklyn,166.0,67897.0,5889.0,Acute Care Hospitals,Government - State,1,Yes,high,1.0,10/01/2024,09/30/2025
330395,ST JOHN'S EPISCOPAL HOSPITAL AT SOUTH SHORE,327 BEACH 19TH STREET,FAR ROCKAWAY,11691,QUEENS,Queens,241.0,56135.0,5545.0,Acute Care Hospitals,Voluntary non-profit - Private,1,Yes,high,2.0,10/01/2024,09/30/2025
330396,WOODHULL MEDICAL & MENTAL HEALTH CENTER,760 BROADWAY,BROOKLYN,11206,KINGS,Brooklyn,209.0,61430.0,4608.0,Acute Care Hospitals,Government - Local,2,Yes,very high,5.0,10/01/2024,09/30/2025
330399,ST BARNABAS HOSPITAL,4422 THIRD AVENUE,BRONX,10457,BRONX,Bronx,326.0,42683.0,4482.0,Acute Care Hospitals,Voluntary non-profit - Private,1,Yes,very high,8.0,10/01/2024,09/30/2025
